,Unnamed: 0,Attributes,High,Low,Open,Close,Volume,Adj Close,Daily Growth,LabledY1,LabledY2,title_score1,abs_score1
0,2,2016-09-26,2158.5400390625,2145.0400390625,2158.5400390625,2146.10009765625,3216170000,2146.10009765625,-0.00576312747557508,-1,-1,0.9508,0.999
1,3,2016-09-27,2161.1298828125,2141.550048828125,2146.0400390625,2159.929931640625,3437770000,2159.929931640625,0.006472336175140896,1,1,0.9881,0.9976
2,4,2016-09-28,2172.39990234375,2151.7900390625,2161.85009765625,2171.3701171875,3891460000,2171.3701171875,0.004403644610498685,0,1,-0.9888,0.9942
3,5,2016-09-29,2172.669921875,2145.199951171875,2168.89990234375,2151.1298828125,4249220000,2151.1298828125,-0.008193102647128811,-1,-1,0.9911,0.9987
4,6,2016-09-30,2175.300048828125,2156.510009765625,2156.510009765625,2168.27001953125,4173340000,2168.27001953125,0.00545325999525646,0,1,-0.8984,0.9958
5,7,2016-10-03,2164.409912109375,2154.77001953125,2164.330078125,2161.199951171875,3137550000,2161.199951171875,-0.0014462336335669687,0,0,-0.9835,0.9949
6,8,2016-10-04,2165.4599609375,2144.010009765625,2163.3701171875,2150.489990234375,3750890000,2150.489990234375,-0.005953732489320815,-1,-1,0.9782,-0.6473
7,9,2016-10-05,2163.949951171875,2155.14990234375,2155.14990234375,2159.72998046875,3906550000,2159.72998046875,0.002125178448153009,0,0,-0.7556,0.9986
8,10,2016-10-06,2162.929931640625,2150.280029296875,2158.219970703125,2160.77001953125,3461550000,2160.77001953125,0.0011815518634526493,0,0,-0.9891,0.9768
9,11,2016-10-07,2165.860107421875,2144.85009765625,2164.18994140625,2153.739990234375,3619890000,2153.739990234375,-0.004828573949052189,0,-1,0.8677,0.9935
10,12,2016-10-10,2169.60009765625,2160.389892578125,2160.389892578125,2163.659912109375,2916550000,2163.659912109375,0.0015136247130594035,0,0,-0.9567,0.9832
11,13,2016-10-11,2161.56005859375,2128.840087890625,2161.35009765625,2136.72998046875,3438270000,2136.72998046875,-0.011391082460078007,-1,-1,-0.8435,0.9991
12,14,2016-10-12,2145.360107421875,2132.77001953125,2137.669921875,2139.179931640625,2977100000,2139.179931640625,0.0007063811630471628,0,0,-0.9323,-0.9986
13,15,2016-10-13,2138.18994140625,2114.719970703125,2130.260009765625,2132.550048828125,3580450000,2132.550048828125,0.0010750044839606008,0,0,-0.9896,-0.9832
14,16,2016-10-14,2149.18994140625,2132.97998046875,2139.679931640625,2132.97998046875,3228150000,2132.97998046875,-0.0031312866344162665,0,-1,0.9488,0.9366
15,17,2016-10-17,2135.610107421875,2124.429931640625,2132.949951171875,2126.5,2830390000,2126.5,-0.0030239580484911514,0,-1,-0.9461,0.9984
16,18,2016-10-18,2144.3798828125,2135.489990234375,2138.31005859375,2139.60009765625,3170000000,2139.60009765625,0.0006032984119002783,0,0,-0.6646,0.9996
17,19,2016-10-19,2148.43994140625,2138.14990234375,2140.81005859375,2144.2900390625,3362670000,2144.2900390625,0.0016255437771232825,0,0,0.9593,0.9993
18,20,2016-10-20,2147.179931640625,2133.43994140625,2142.510009765625,2141.340087890625,3337170000,2141.340087890625,-0.000546051999602084,0,0,-0.5286,0.7945
19,21,2016-10-21,2142.6298828125,2130.090087890625,2139.429931640625,2141.159912109375,3448850000,2141.159912109375,0.0008086174934569425,0,0,0.9911,0.9994
20,22,2016-10-24,2154.7900390625,2146.909912109375,2148.5,2151.330078125,3357320000,2151.330078125,0.0013172344077263206,0,0,-0.7673,0.9978
21,23,2016-10-25,2151.43994140625,2141.929931640625,2149.719970703125,2143.159912109375,3751340000,2143.159912109375,-0.0030515875012336385,0,-1,0.8152,0.9993
22,24,2016-10-26,2145.72998046875,2131.590087890625,2136.969970703125,2139.429931640625,3775200000,2139.429931640625,0.0011511443638539296,0,0,0.9949,0.9991
23,25,2016-10-27,2147.1298828125,2132.52001953125,2144.06005859375,2133.0400390625,4204830000,2133.0400390625,-0.0051397905049720615,0,-1,0.9978,0.9998
24,26,2016-10-28,2140.719970703125,2119.360107421875,2132.22998046875,2126.409912109375,4019510000,2126.409912109375,-0.0027295687672938143,0,-1,-0.8836,0.9989
25,27,2016-10-31,2133.25,2125.530029296875,2129.780029296875,2126.14990234375,3922400000,2126.14990234375,-0.0017044609786877613,0,0,-0.694,0.9946
26,28,2016-11-01,2131.449951171875,2097.85009765625,2128.679931640625,2111.719970703125,4532160000,2111.719970703125,-0.007967360750391698,-1,-1,-0.983,0.9991
27,29,2016-11-02,2111.760009765625,2094.0,2109.429931640625,2097.93994140625,4248580000,2097.93994140625,-0.005446964633444153,0,-1,-0.7175,0.9975
28,30,2016-11-03,2102.56005859375,2085.22998046875,2098.800048828125,2088.659912109375,3886740000,2088.659912109375,-0.0048313972188116705,0,-1,0.9913,0.9973
29,31,2016-11-04,2099.070068359375,2083.7900390625,2083.7900390625,2085.179931640625,3837860000,2085.179931640625,0.0006670022181074992,0,0,-0.9865,-0.9938
30,32,2016-11-07,2132.0,2100.590087890625,2100.590087890625,2131.52001953125,3736060000,2131.52001953125,0.014724401404599737,1,1,0.9961,0.9995
31,33,2016-11-08,2146.8701171875,2123.56005859375,2129.919921875,2139.56005859375,3916930000,2139.56005859375,0.004526055942170654,0,1,0.9904,0.9991
32,34,2016-11-09,2170.10009765625,2125.35009765625,2131.56005859375,2163.260009765625,6264150000,2163.260009765625,0.014871713815461691,1,1,0.9995,0.9999
33,35,2016-11-10,2182.300048828125,2151.169921875,2167.489990234375,2167.47998046875,6451640000,2167.47998046875,-4.618136955694833e-06,0,0,0.9975,0.9994
34,36,2016-11-11,2165.919921875,2152.489990234375,2162.7099609375,2164.449951171875,4988050000,2164.449951171875,0.0008045416471937559,0,0,0.9634,0.9994
35,37,2016-11-14,2171.360107421875,2156.080078125,2165.639892578125,2164.199951171875,5367200000,2164.199951171875,-0.0006649034362475638,0,0,-0.9633,-0.9003
36,38,2016-11-15,2180.840087890625,2166.3798828125,2168.2900390625,2180.389892578125,4543860000,2180.389892578125,0.0055803666934044465,0,1,-0.9962,-0.9731
37,39,2016-11-16,2179.219970703125,2172.199951171875,2177.530029296875,2176.93994140625,3830590000,2176.93994140625,-0.00027098955361618574,0,0,0.9679,0.9993
38,40,2016-11-17,2188.06005859375,2176.64990234375,2178.610107421875,2187.1201171875,3809160000,2187.1201171875,0.0039061646398471828,0,1,0.9977,0.9995
39,41,2016-11-18,2189.889892578125,2180.3798828125,2186.85009765625,2181.89990234375,3572400000,2181.89990234375,-0.0022636189457180245,0,0,0.987,0.9999
40,42,2016-11-21,2198.699951171875,2186.429931640625,2186.429931640625,2198.179931640625,3607010000,2198.179931640625,0.005374057421169307,0,1,-0.9662,0.9994
41,43,2016-11-22,2204.800048828125,2194.510009765625,2201.56005859375,2202.93994140625,3957940000,2202.93994140625,0.0006267750030773189,0,0,-0.8141,0.9992
42,44,2016-11-23,2204.719970703125,2194.510009765625,2198.550048828125,2204.719970703125,3418640000,2204.719970703125,0.002806359526947637,0,0,-0.4503,0.9989
43,45,2016-11-25,2213.35009765625,2206.27001953125,2206.27001953125,2213.35009765625,1584600000,2213.35009765625,0.0032090714474306515,0,1,0.981,0.9625
44,46,2016-11-28,2211.139892578125,2200.360107421875,2210.2099609375,2201.719970703125,3505650000,2201.719970703125,-0.00384125960176825,0,-1,0.9808,0.9985
45,47,2016-11-29,2210.4599609375,2198.14990234375,2200.760009765625,2204.659912109375,3706560000,2204.659912109375,0.001772070705776469,0,0,0.9879,0.9993
46,48,2016-11-30,2214.10009765625,2198.81005859375,2204.969970703125,2198.81005859375,5533980000,2198.81005859375,-0.002793648979904573,0,-1,-0.9762,0.9952
47,49,2016-12-01,2202.60009765625,2187.43994140625,2200.169921875,2191.080078125,5063740000,2191.080078125,-0.0041314280590898965,0,-1,0.828,0.9982
48,50,2016-12-02,2197.949951171875,2188.3701171875,2191.1201171875,2191.949951171875,3779500000,2191.949951171875,0.00037872592098700937,0,0,0.4662,0.9684
49,51,2016-12-05,2209.419921875,2199.969970703125,2200.64990234375,2204.7099609375,3895230000,2204.7099609375,0.001844936166096175,0,0,-0.9899,-0.997
50,52,2016-12-06,2212.780029296875,2202.2099609375,2207.260009765625,2212.22998046875,3855320000,2212.22998046875,0.0022516471467503864,0,0,-0.5299,0.994
51,53,2016-12-07,2241.6298828125,2208.929931640625,2210.719970703125,2241.35009765625,4501820000,2241.35009765625,0.013855272200478205,1,1,0.9911,0.9995
52,54,2016-12-08,2251.68994140625,2237.570068359375,2241.1298828125,2246.18994140625,4200580000,2246.18994140625,0.002257815860007137,0,0,0.9961,0.9996
53,55,2016-12-09,2259.800048828125,2249.22998046875,2249.72998046875,2259.530029296875,3884480000,2259.530029296875,0.004356100026761024,0,1,0.987,0.9987
54,56,2016-12-12,2264.030029296875,2252.3701171875,2258.830078125,2256.9599609375,4034510000,2256.9599609375,-0.0008279140629525966,0,0,0.9871,0.9986
55,57,2016-12-13,2277.530029296875,2263.320068359375,2263.320068359375,2271.719970703125,3857590000,2271.719970703125,0.003711318810440665,0,1,-0.5707,-0.2665
56,58,2016-12-14,2276.199951171875,2248.43994140625,2268.35009765625,2253.280029296875,4406970000,2253.280029296875,-0.006643625415206408,-1,-1,0.9971,0.9996
57,59,2016-12-15,2272.1201171875,2253.77001953125,2253.77001953125,2262.030029296875,4168200000,2262.030029296875,0.0036649745511048,0,1,0.994,0.9992
58,60,2016-12-16,2268.050048828125,2254.239990234375,2266.81005859375,2258.070068359375,5920340000,2258.070068359375,-0.003855634132749961,0,-1,0.4306,0.9971
59,61,2016-12-19,2267.469970703125,2258.2099609375,2259.239990234375,2262.530029296875,3248370000,2262.530029296875,0.001456259218463413,0,0,-0.7573,0.9994
60,62,2016-12-20,2272.56005859375,2266.139892578125,2266.5,2270.760009765625,3298780000,2270.760009765625,0.0018795542755901172,0,0,-0.9949,-0.9893
61,63,2016-12-21,2271.22998046875,2265.14990234375,2270.5400390625,2265.179931640625,2852230000,2265.179931640625,-0.002360719181190117,0,0,-0.9726,0.9976
62,64,2016-12-22,2263.179931640625,2256.080078125,2262.929931640625,2260.9599609375,2876320000,2260.9599609375,-0.000870539858782446,0,0,-0.9811,-0.9804
63,65,2016-12-23,2263.7900390625,2258.840087890625,2260.25,2263.7900390625,2020550000,2263.7900390625,0.0015662157117575489,0,0,-0.9806,-0.9785
64,66,2016-12-27,2273.820068359375,2266.14990234375,2266.22998046875,2268.8798828125,1987080000,2268.8798828125,0.0011692998356688804,0,0,0.9828,-0.9944
65,67,2016-12-28,2271.31005859375,2249.110107421875,2270.22998046875,2249.919921875,2392360000,2249.919921875,-0.008946256004229334,-1,-1,-0.9002,-0.9613
66,68,2016-12-29,2254.510009765625,2244.56005859375,2249.5,2249.260009765625,2336370000,2249.260009765625,-0.00010668603439653255,0,0,-0.9409,0.9975
67,69,2016-12-30,2253.580078125,2233.6201171875,2251.610107421875,2238.830078125,2670900000,2238.830078125,-0.0056759512913664755,-1,-1,0.9921,0.9993
68,70,2017-01-03,2263.8798828125,2245.1298828125,2251.570068359375,2257.830078125,3770530000,2257.830078125,0.002780286455924691,0,0,-0.9875,-0.9708
69,71,2017-01-04,2272.820068359375,2261.60009765625,2261.60009765625,2270.75,3764890000,2270.75,0.004045764922468946,0,1,-0.9791,0.9412
70,72,2017-01-05,2271.5,2260.449951171875,2268.179931640625,2269.0,3761820000,2269.0,0.0003615534852130652,0,0,-0.9754,0.3628
71,73,2017-01-06,2282.10009765625,2264.06005859375,2271.139892578125,2276.97998046875,3339890000,2276.97998046875,0.002571434683398353,0,0,0.9841,0.9988
72,74,2017-01-09,2275.489990234375,2268.89990234375,2273.590087890625,2268.89990234375,3217610000,2268.89990234375,-0.0020628984845840995,0,0,0.991,0.9993
73,75,2017-01-10,2279.27001953125,2265.27001953125,2269.719970703125,2268.89990234375,3638790000,2268.89990234375,-0.00036130816574740497,0,0,-0.951,0.9886
74,76,2017-01-11,2275.320068359375,2260.830078125,2268.60009765625,2275.320068359375,3620410000,2275.320068359375,0.002962166276051728,0,0,0.9968,0.9981
75,77,2017-01-12,2271.780029296875,2254.25,2271.139892578125,2270.43994140625,3462130000,2270.43994140625,-0.00030819377272284085,0,0,-0.9924,0.9995
76,78,2017-01-13,2278.679931640625,2271.510009765625,2272.739990234375,2274.639892578125,3081270000,2274.639892578125,0.0008359523535088031,0,0,0.9666,0.9987
77,79,2017-01-17,2272.080078125,2262.81005859375,2269.139892578125,2267.889892578125,3584990000,2267.889892578125,-0.000550869518485169,0,0,0.9765,0.9991
78,80,2017-01-18,2272.010009765625,2263.35009765625,2269.139892578125,2271.889892578125,3315250000,2271.889892578125,0.001211912940667372,0,0,0.9774,0.9998
79,81,2017-01-19,2274.330078125,2258.409912109375,2271.89990234375,2263.68994140625,3165970000,2263.68994140625,-0.003613698353976949,0,-1,-0.755,0.9852
80,82,2017-01-20,2276.9599609375,2265.010009765625,2269.9599609375,2271.31005859375,3524970000,2271.31005859375,0.0005947671674756791,0,0,-0.7473,0.9993
81,83,2017-01-23,2271.780029296875,2257.02001953125,2267.780029296875,2265.199951171875,3152710000,2265.199951171875,-0.001137710929485499,0,0,-0.8737,0.9991
82,84,2017-01-24,2284.6298828125,2266.679931640625,2267.8798828125,2280.070068359375,3810960000,2280.070068359375,0.005375146029232113,0,1,0.9959,0.9997
83,85,2017-01-25,2299.550048828125,2288.8798828125,2288.8798828125,2298.3701171875,3846020000,2298.3701171875,0.004146235215864064,0,1,0.9972,0.9994
84,86,2017-01-26,2300.989990234375,2294.080078125,2298.6298828125,2296.679931640625,3610360000,2296.679931640625,-0.0008483101983730968,0,0,0.9719,0.9994
85,87,2017-01-27,2299.02001953125,2291.6201171875,2299.02001953125,2294.68994140625,3135890000,2294.68994140625,-0.0018834451584648945,0,0,0.969,0.9993
86,88,2017-01-30,2286.010009765625,2268.0400390625,2286.010009765625,2280.89990234375,3591270000,2280.89990234375,-0.002235382784871934,0,0,-0.998,-0.9958
87,89,2017-01-31,2279.090087890625,2267.2099609375,2274.02001953125,2278.8701171875,4087450000,2278.8701171875,0.0021328297968325554,0,0,0.963,0.9916
88,90,2017-02-01,2289.139892578125,2272.43994140625,2285.590087890625,2279.550048828125,3916610000,2279.550048828125,-0.002642660682902402,0,0,0.9325,0.9992
89,91,2017-02-02,2283.969970703125,2271.64990234375,2276.68994140625,2280.85009765625,3807710000,2280.85009765625,0.0018272827469121172,0,0,0.9808,0.9996
90,92,2017-02-03,2298.31005859375,2287.8798828125,2288.5400390625,2297.419921875,3597970000,2297.419921875,0.0038801518264620976,0,1,0.9883,0.9858
91,93,2017-02-06,2296.179931640625,2288.570068359375,2294.280029296875,2292.56005859375,3109050000,2292.56005859375,-0.0007496777556190981,0,0,0.9896,0.9997
92,94,2017-02-07,2299.39990234375,2290.159912109375,2295.8701171875,2293.080078125,3448690000,2293.080078125,-0.001215242552970666,0,0,-0.7901,0.8113
93,95,2017-02-08,2295.909912109375,2285.3798828125,2289.550048828125,2294.669921875,3609740000,2294.669921875,0.002236191800871764,0,0,-0.9975,0.9728
94,96,2017-02-09,2311.080078125,2296.610107421875,2296.699951171875,2307.8701171875,3677940000,2307.8701171875,0.004863572191885797,0,1,0.9956,0.9966
95,97,2017-02-10,2319.22998046875,2311.10009765625,2312.27001953125,2316.10009765625,3475020000,2316.10009765625,0.0016564147321239085,0,0,0.2256,0.9996
96,98,2017-02-13,2331.580078125,2321.419921875,2321.719970703125,2328.25,3349730000,2328.25,0.0028125826453124767,0,0,-0.9848,-0.9955
97,99,2017-02-14,2337.580078125,2322.169921875,2326.1201171875,2337.580078125,3520910000,2337.580078125,0.004926641944594065,0,1,-0.9932,0.9999
98,100,2017-02-15,2351.300048828125,2334.81005859375,2335.580078125,2349.25,3775590000,2349.25,0.005852902241730967,0,1,0.9874,0.9987
99,101,2017-02-16,2351.31005859375,2338.8701171875,2349.639892578125,2347.219970703125,3672370000,2347.219970703125,-0.0010299118101645603,0,0,-0.8623,0.9997
100,102,2017-02-17,2351.159912109375,2339.580078125,2343.010009765625,2351.159912109375,3513060000,2351.159912109375,0.0034783898958098123,0,1,0.9774,0.9993
101,103,2017-02-21,2366.7099609375,2354.909912109375,2354.909912109375,2365.3798828125,3579780000,2365.3798828125,0.004446017509751225,0,1,0.7025,0.9988
102,104,2017-02-22,2365.1298828125,2358.340087890625,2361.110107421875,2362.820068359375,3468670000,2362.820068359375,0.0007242190578596638,0,0,0.9826,0.9995
103,105,2017-02-23,2368.260009765625,2355.090087890625,2367.5,2363.81005859375,4015260000,2363.81005859375,-0.0015585813753959876,0,0,0.9735,0.9935
104,106,2017-02-24,2367.340087890625,2352.8701171875,2355.72998046875,2367.340087890625,3831570000,2367.340087890625,0.004928454244813231,0,1,-0.7383,-0.9974
105,107,2017-02-27,2371.5400390625,2361.8701171875,2365.22998046875,2369.75,3582610000,2369.75,0.0019110274977802394,0,0,0.7884,0.9888
106,108,2017-02-28,2367.7900390625,2358.9599609375,2366.080078125,2363.639892578125,4210140000,2363.639892578125,-0.0010313199326747744,0,0,0.9312,0.9993
107,109,2017-03-01,2400.97998046875,2380.1298828125,2380.1298828125,2395.9599609375,4345180000,2395.9599609375,0.006650930371200692,1,1,0.9943,0.9981
108,110,2017-03-02,2394.75,2380.169921875,2394.75,2381.919921875,3821320000,2381.919921875,-0.005357585603925253,0,-1,0.9443,0.9984
109,111,2017-03-03,2383.889892578125,2375.389892578125,2380.919921875,2383.1201171875,3555260000,2383.1201171875,0.0009240946292588127,0,0,0.9355,0.7995
110,112,2017-03-06,2378.800048828125,2367.97998046875,2375.22998046875,2375.31005859375,3232700000,2375.31005859375,3.3713840621107615e-05,0,0,-0.5594,0.9982
111,113,2017-03-07,2375.1201171875,2365.510009765625,2370.739990234375,2368.389892578125,3518390000,2368.389892578125,-0.0009912928730820734,0,0,-0.9821,0.9981
112,114,2017-03-08,2373.090087890625,2361.010009765625,2369.81005859375,2362.97998046875,3812100000,2362.97998046875,-0.0028821204890374127,0,-1,0.9861,0.9996
113,115,2017-03-09,2369.080078125,2354.5400390625,2363.489990234375,2364.8701171875,3716340000,2364.8701171875,0.0005839360263117254,0,0,-0.4401,0.9978
114,116,2017-03-10,2376.860107421875,2363.0400390625,2372.52001953125,2372.60009765625,3432950000,2372.60009765625,3.375234954427125e-05,0,0,-0.9932,0.9588
115,117,2017-03-13,2374.419921875,2368.52001953125,2371.56005859375,2373.469970703125,3133900000,2373.469970703125,0.0008053399712371227,0,0,-0.896,0.9895
116,118,2017-03-14,2368.550048828125,2358.179931640625,2368.550048828125,2365.449951171875,3172630000,2365.449951171875,-0.001308858834451828,0,0,-0.9286,0.9969
117,119,2017-03-15,2390.010009765625,2368.93994140625,2370.340087890625,2385.260009765625,3906840000,2385.260009765625,0.006294422454913336,1,1,0.8117,0.9989
118,120,2017-03-16,2388.10009765625,2377.179931640625,2387.7099609375,2381.3798828125,3365660000,2381.3798828125,-0.0026511084799070764,0,0,-0.995,0.999
119,121,2017-03-17,2385.7099609375,2377.639892578125,2383.7099609375,2378.25,5178040000,2378.25,-0.002290530738627541,0,0,-0.9672,0.9943
120,122,2017-03-20,2379.550048828125,2369.659912109375,2378.239990234375,2373.469970703125,3054930000,2373.469970703125,-0.0020056930969274953,0,0,0.6244,0.9965
121,123,2017-03-21,2381.929931640625,2341.89990234375,2379.320068359375,2344.02001953125,4265590000,2344.02001953125,-0.014836191774932419,-1,-1,-0.7724,0.999
122,124,2017-03-22,2351.81005859375,2336.449951171875,2343.0,2348.449951171875,3572730000,2348.449951171875,0.0023260568381882197,0,0,-0.9863,0.9986
123,125,2017-03-23,2358.919921875,2342.1298828125,2345.969970703125,2345.9599609375,3260600000,2345.9599609375,-4.266791881398172e-06,0,0,-0.9947,-0.671
124,126,2017-03-24,2356.219970703125,2335.739990234375,2350.419921875,2343.97998046875,2975130000,2343.97998046875,-0.0027399110032698608,0,-1,-0.9904,0.9971
125,127,2017-03-27,2344.89990234375,2322.25,2329.110107421875,2341.590087890625,3240230000,2341.590087890625,0.0053582612642406454,0,1,0.9111,0.9958
126,128,2017-03-28,2363.780029296875,2337.6298828125,2339.7900390625,2358.570068359375,3367780000,2358.570068359375,0.008026373727276711,1,1,0.5473,0.9965
127,129,2017-03-29,2363.360107421875,2352.93994140625,2356.5400390625,2361.1298828125,3106940000,2361.1298828125,0.0019477045473099504,0,0,0.9783,0.9992
128,130,2017-03-30,2370.419921875,2358.580078125,2361.31005859375,2368.06005859375,3158420000,2368.06005859375,0.0028585826649211326,0,0,-0.9876,0.9969
129,131,2017-03-31,2370.35009765625,2362.60009765625,2364.820068359375,2362.719970703125,3354110000,2362.719970703125,-0.0008880581167035555,0,0,0.9918,0.9977
130,132,2017-04-03,2365.8701171875,2344.72998046875,2362.340087890625,2358.840087890625,3416400000,2358.840087890625,-0.001481581766292258,0,0,-0.9893,0.9992
131,133,2017-04-04,2360.530029296875,2350.719970703125,2354.760009765625,2360.159912109375,3206240000,2360.159912109375,0.00229318585391106,0,0,-0.8378,0.9988
132,134,2017-04-05,2378.360107421875,2350.52001953125,2366.590087890625,2352.949951171875,3770520000,2352.949951171875,-0.0057636245450971395,-1,-1,-0.7549,0.999
133,135,2017-04-06,2364.159912109375,2348.89990234375,2353.7900390625,2357.489990234375,3201920000,2357.489990234375,0.0015719121546408903,0,0,0.9866,0.9995
134,136,2017-04-07,2363.760009765625,2350.739990234375,2356.590087890625,2355.5400390625,3053150000,2355.5400390625,-0.000445579752507953,0,0,-0.9862,-0.9975
135,137,2017-04-10,2366.3701171875,2351.5,2357.159912109375,2357.159912109375,2785410000,2357.159912109375,0.0,0,0,-0.9389,0.9949
136,138,2017-04-11,2355.219970703125,2337.25,2353.919921875,2353.780029296875,3117420000,2353.780029296875,-5.9429624952394064e-05,0,0,-0.9871,0.9986
137,139,2017-04-12,2352.719970703125,2341.179931640625,2352.14990234375,2344.929931640625,3196950000,2344.929931640625,-0.0030695198022586967,0,-1,-0.9939,-0.5387
138,140,2017-04-13,2348.260009765625,2328.949951171875,2341.97998046875,2328.949951171875,3143890000,2328.949951171875,-0.0055636809048500175,-1,-1,0.9907,0.999
139,141,2017-04-17,2349.139892578125,2332.510009765625,2332.6201171875,2349.010009765625,2824710000,2349.010009765625,0.00702638739045375,1,1,0.9933,0.9959
140,142,2017-04-18,2348.35009765625,2334.5400390625,2342.530029296875,2342.18994140625,3269840000,2342.18994140625,-0.0001451797357436991,0,0,-0.9951,0.9993
141,143,2017-04-19,2352.6298828125,2335.050048828125,2346.7900390625,2338.169921875,3519900000,2338.169921875,-0.0036731522820608094,0,-1,0.9898,0.9976
142,144,2017-04-20,2361.3701171875,2340.909912109375,2342.68994140625,2355.840087890625,3647420000,2355.840087890625,0.005613268001006288,0,1,-0.9878,0.996
143,145,2017-04-21,2356.179931640625,2344.510009765625,2354.739990234375,2348.68994140625,3503360000,2348.68994140625,-0.0025693065277762658,0,0,-0.7224,-0.9875
144,146,2017-04-24,2376.97998046875,2369.18994140625,2370.330078125,2374.14990234375,3690650000,2374.14990234375,0.001611515735298601,0,0,-0.4528,0.9898
145,147,2017-04-25,2392.47998046875,2381.14990234375,2381.510009765625,2388.610107421875,3995240000,2388.610107421875,0.002981342772919419,0,0,-0.9713,0.9991
146,148,2017-04-26,2398.159912109375,2386.780029296875,2388.97998046875,2387.449951171875,4105920000,2387.449951171875,-0.0006404529587455093,0,0,-0.9163,0.9996
147,149,2017-04-27,2392.10009765625,2382.679931640625,2389.699951171875,2388.77001953125,4098460000,2388.77001953125,-0.0003891415908382032,0,0,0.9953,0.9998
148,150,2017-04-28,2393.679931640625,2382.360107421875,2393.679931640625,2384.199951171875,3718270000,2384.199951171875,-0.003960421083637707,0,-1,0.9963,0.9996
149,151,2017-05-01,2394.489990234375,2384.830078125,2388.5,2388.330078125,3199240000,2388.330078125,-7.114166841113669e-05,0,0,-0.9855,0.9982
150,152,2017-05-02,2392.929931640625,2385.820068359375,2391.050048828125,2391.169921875,3813680000,2391.169921875,5.013406011043175e-05,0,0,-0.208,0.9967
151,153,2017-05-03,2389.820068359375,2379.75,2386.5,2388.1298828125,3893990000,2388.1298828125,0.0006829594856484391,0,0,-0.851,0.9667
152,154,2017-05-04,2391.429931640625,2380.35009765625,2389.7900390625,2389.52001953125,4362540000,2389.52001953125,-0.00011298880940851482,0,0,-0.9932,0.9995
153,155,2017-05-05,2399.2900390625,2389.3798828125,2392.3701171875,2399.2900390625,3540140000,2399.2900390625,0.0028924963680515892,0,0,0.9776,0.9279
154,156,2017-05-08,2401.360107421875,2393.919921875,2399.93994140625,2399.3798828125,3429440000,2399.3798828125,-0.00023336358718286613,0,0,0.9306,0.9964
155,157,2017-05-09,2403.8701171875,2392.43994140625,2401.580078125,2396.919921875,3653590000,2396.919921875,-0.001940454241958216,0,0,0.8836,0.9937
156,158,2017-05-10,2399.739990234375,2392.7900390625,2396.7900390625,2399.6298828125,3643530000,2399.6298828125,0.0011848529507035167,0,0,-0.9814,0.9929
157,159,2017-05-11,2395.719970703125,2381.739990234375,2394.840087890625,2394.43994140625,3727420000,2394.43994140625,-0.00016708693260912005,0,0,0.9858,0.9996
158,160,2017-05-12,2392.43994140625,2387.18994140625,2392.43994140625,2390.89990234375,3305630000,2390.89990234375,-0.0006437106469618551,0,0,0.9834,0.9912
159,161,2017-05-15,2404.050048828125,2393.93994140625,2393.97998046875,2402.320068359375,3473600000,2402.320068359375,0.003483775118700859,0,1,-0.9946,0.9962
160,162,2017-05-16,2405.77001953125,2396.050048828125,2404.550048828125,2400.669921875,3420790000,2400.669921875,-0.001613660299986689,0,0,-0.9223,0.9993
161,163,2017-05-17,2384.8701171875,2356.2099609375,2382.949951171875,2357.030029296875,4163000000,2357.030029296875,-0.010877241405029608,-1,-1,-0.9922,0.8924
162,164,2017-05-18,2375.739990234375,2352.719970703125,2354.68994140625,2365.719970703125,4319420000,2365.719970703125,0.004684280975986049,0,1,0.4234,0.9978
163,165,2017-05-19,2389.06005859375,2370.429931640625,2371.3701171875,2381.72998046875,3825160000,2381.72998046875,0.004368724732660896,0,1,-0.994,0.9964
164,166,2017-05-22,2395.4599609375,2386.919921875,2387.2099609375,2394.02001953125,3172830000,2394.02001953125,0.0028527271187640192,0,0,0.9823,0.998
165,167,2017-05-23,2400.85009765625,2393.8798828125,2397.0400390625,2398.419921875,3213570000,2398.419921875,0.0005756611445838352,0,0,-0.8974,0.9759
166,168,2017-05-24,2405.580078125,2397.989990234375,2401.409912109375,2404.389892578125,3389900000,2404.389892578125,0.0012409295279923345,0,0,0.9488,0.9985
167,169,2017-05-25,2418.7099609375,2408.010009765625,2409.5400390625,2415.070068359375,3535390000,2415.070068359375,0.002295055988788057,0,0,-0.2455,0.9962
168,170,2017-05-26,2416.679931640625,2412.199951171875,2414.5,2415.820068359375,2805040000,2415.820068359375,0.000546725350745496,0,0,0.781,0.9966
169,171,2017-05-30,2415.260009765625,2409.429931640625,2411.669921875,2412.909912109375,3203160000,2412.909912109375,0.0005141624992407523,0,0,0.3977,0.3447
170,172,2017-05-31,2415.989990234375,2403.590087890625,2415.6298828125,2411.800048828125,4516110000,2411.800048828125,-0.0015854390656551876,0,0,-0.9962,0.986
171,173,2017-06-01,2430.06005859375,2413.5400390625,2415.64990234375,2430.06005859375,3857140000,2430.06005859375,0.005965333070830649,1,1,0.7405,0.9976
172,174,2017-06-02,2440.22998046875,2427.7099609375,2431.280029296875,2439.070068359375,3461680000,2439.070068359375,0.003204089602444057,0,1,-0.2845,0.977
173,175,2017-06-05,2439.550048828125,2434.320068359375,2437.830078125,2436.10009765625,2912600000,2436.10009765625,-0.0007096394799101723,0,0,-0.9959,-0.9973
174,176,2017-06-06,2436.2099609375,2428.1201171875,2431.919921875,2429.330078125,3357840000,2429.330078125,-0.0010649379227928037,0,0,-0.9956,-0.9291
175,177,2017-06-07,2435.280029296875,2424.75,2432.030029296875,2433.139892578125,3572300000,2433.139892578125,0.00045635262224573474,0,0,-0.9971,0.0125
176,178,2017-06-08,2439.27001953125,2427.93994140625,2434.27001953125,2433.7900390625,3728860000,2433.7900390625,-0.00019717634646070463,0,0,-0.8722,0.9989
177,179,2017-06-09,2446.199951171875,2415.699951171875,2436.389892578125,2431.77001953125,4027340000,2431.77001953125,-0.0018961961141557558,0,0,-0.9802,0.9926
178,180,2017-06-12,2430.3798828125,2419.969970703125,2425.8798828125,2429.389892578125,4027750000,2429.389892578125,0.0014469017161540536,0,0,-0.9947,-0.9781
179,181,2017-06-13,2441.489990234375,2431.280029296875,2434.14990234375,2440.35009765625,3275500000,2440.35009765625,0.002547170700756789,0,0,0.9935,0.9966
180,182,2017-06-14,2443.75,2428.340087890625,2443.75,2437.919921875,3555590000,2437.919921875,-0.0023857097186700768,0,0,0.9365,0.9915
181,183,2017-06-15,2433.949951171875,2418.530029296875,2424.139892578125,2432.4599609375,3353050000,2432.4599609375,0.003432173359651463,0,1,-0.9947,0.9949
182,184,2017-06-16,2433.14990234375,2422.8798828125,2431.239990234375,2433.14990234375,5284720000,2433.14990234375,0.0007855711970215173,0,0,-0.9898,-0.987
183,185,2017-06-19,2453.820068359375,2441.7900390625,2442.550048828125,2453.4599609375,3264700000,2453.4599609375,0.004466607394435707,0,1,-0.9916,-0.9971
184,186,2017-06-20,2450.659912109375,2436.60009765625,2450.659912109375,2437.030029296875,3416510000,2437.030029296875,-0.005561719414901698,-1,-1,0.8668,0.9985
185,187,2017-06-21,2442.22998046875,2430.739990234375,2439.31005859375,2435.610107421875,3594820000,2435.610107421875,-0.0015168023264775135,0,0,0.4929,0.9947
186,188,2017-06-22,2441.6201171875,2433.27001953125,2437.39990234375,2434.5,3468210000,2434.5,-0.0011897523836615887,0,0,-0.9867,0.9984
187,189,2017-06-23,2441.39990234375,2431.110107421875,2434.64990234375,2438.300048828125,5278330000,2438.300048828125,0.001499249021742771,0,0,-0.9845,-0.9829
188,190,2017-06-26,2450.419921875,2437.030029296875,2443.320068359375,2439.070068359375,3238970000,2439.070068359375,-0.0017394364557623279,0,0,-0.886,0.9993
189,191,2017-06-27,2440.14990234375,2419.3798828125,2436.340087890625,2419.3798828125,3563910000,2419.3798828125,-0.006961345488022194,-1,-1,-0.4517,0.9913
190,192,2017-06-28,2442.969970703125,2428.02001953125,2428.699951171875,2440.68994140625,3500800000,2440.68994140625,0.0049367935419892825,0,1,-0.9751,0.998
191,193,2017-06-29,2442.72998046875,2405.699951171875,2442.3798828125,2419.699951171875,3900280000,2419.699951171875,-0.009285996744498294,-1,-1,0.5885,0.9993
192,194,2017-06-30,2432.7099609375,2421.64990234375,2429.199951171875,2423.409912109375,3361590000,2423.409912109375,-0.0023835168692913967,0,0,-0.9918,0.9958
193,195,2017-07-03,2439.169921875,2428.68994140625,2431.389892578125,2429.010009765625,1962290000,2429.010009765625,-0.0009788157875315056,0,0,-0.9578,0.9856
194,196,2017-07-05,2434.89990234375,2422.050048828125,2430.780029296875,2432.5400390625,3367220000,2432.5400390625,0.0007240514338659013,0,0,-0.9845,-0.9925
195,197,2017-07-06,2424.280029296875,2407.699951171875,2423.43994140625,2409.75,3364520000,2409.75,-0.0056489707759401426,-1,-1,-0.5182,0.9983
196,198,2017-07-07,2426.919921875,2413.52001953125,2413.52001953125,2425.179931640625,2901330000,2425.179931640625,0.004831081580023343,0,1,-0.5948,0.9993
197,199,2017-07-10,2432.0,2422.27001953125,2424.510009765625,2427.429931640625,2999130000,2427.429931640625,0.0012043348401280744,0,0,-0.9228,0.9985
198,200,2017-07-11,2429.300048828125,2412.7900390625,2427.35009765625,2425.530029296875,3106750000,2425.530029296875,-0.000749816996374929,0,0,-0.7622,0.9992
199,201,2017-07-12,2445.760009765625,2435.75,2435.75,2443.25,3171620000,2443.25,0.003079133737041979,0,1,-0.9155,0.9953
200,202,2017-07-13,2449.320068359375,2441.68994140625,2444.989990234375,2447.830078125,3067670000,2447.830078125,0.001161594894853844,0,0,0.9961,0.999
201,203,2017-07-14,2463.5400390625,2446.68994140625,2449.159912109375,2459.27001953125,2736640000,2459.27001953125,0.004127989916823161,0,1,-0.9935,-0.9257
202,204,2017-07-17,2462.820068359375,2457.159912109375,2459.5,2459.139892578125,2793170000,2459.139892578125,-0.00014641488996747307,0,0,-0.58,0.9988
203,205,2017-07-18,2460.919921875,2450.340087890625,2455.8798828125,2460.610107421875,2962130000,2460.610107421875,0.0019260814189160976,0,0,0.966,0.9993
204,206,2017-07-19,2473.830078125,2463.85009765625,2463.85009765625,2473.830078125,3059760000,2473.830078125,0.004050563172752882,0,1,0.9962,0.9985
205,207,2017-07-20,2477.6201171875,2468.429931640625,2475.56005859375,2473.449951171875,3182780000,2473.449951171875,-0.0008523757743424142,0,0,0.9967,0.9993
206,208,2017-07-21,2472.5400390625,2465.06005859375,2467.39990234375,2472.5400390625,3059570000,2472.5400390625,0.00208321995711658,0,0,-0.9218,0.9986
207,209,2017-07-24,2473.10009765625,2466.320068359375,2472.0400390625,2469.909912109375,3010240000,2469.909912109375,-0.000861687885093007,0,0,-0.9922,-0.9455
208,210,2017-07-25,2481.239990234375,2474.909912109375,2477.8798828125,2477.1298828125,4108060000,2477.1298828125,-0.00030267811010625665,0,0,0.875,0.9975
209,211,2017-07-26,2481.68994140625,2474.93994140625,2479.969970703125,2477.830078125,3557020000,2477.830078125,-0.0008628703586754699,0,0,0.4574,0.9972
210,212,2017-07-27,2484.0400390625,2459.929931640625,2482.760009765625,2475.419921875,3995520000,2475.419921875,-0.0029564226351937698,0,-1,0.865,0.999
211,213,2017-07-28,2473.530029296875,2464.659912109375,2469.1201171875,2472.10009765625,3294770000,2472.10009765625,0.001206899756721599,0,0,0.9911,0.9986
212,214,2017-07-31,2477.9599609375,2468.530029296875,2475.93994140625,2470.300048828125,3469210000,2470.300048828125,-0.002277879395944367,0,0,-0.9847,0.995
213,215,2017-08-01,2478.510009765625,2471.139892578125,2477.10009765625,2476.35009765625,3460860000,2476.35009765625,-0.00030277339244773565,0,0,-0.9435,0.9935
214,216,2017-08-02,2480.3798828125,2466.47998046875,2480.3798828125,2477.570068359375,3478580000,2477.570068359375,-0.0011328161756976331,0,0,0.9835,0.9966
215,217,2017-08-03,2476.030029296875,2468.85009765625,2476.030029296875,2472.159912109375,3645020000,2472.159912109375,-0.0015630332191887866,0,0,0.9299,0.9965
216,218,2017-08-04,2480.0,2472.080078125,2476.8798828125,2476.830078125,3235140000,2476.830078125,-2.0107833183838826e-05,0,0,0.8138,0.972
217,219,2017-08-07,2480.949951171875,2475.8798828125,2477.139892578125,2480.909912109375,2931780000,2480.909912109375,0.0015219243541898994,0,0,-0.3101,0.979
218,220,2017-08-08,2490.8701171875,2470.320068359375,2478.35009765625,2474.919921875,3344640000,2474.919921875,-0.001384056184997383,0,0,-0.995,0.999
219,221,2017-08-09,2474.409912109375,2462.080078125,2465.35009765625,2474.02001953125,3308060000,2474.02001953125,0.003516710216225391,0,1,0.9657,0.9967
220,222,2017-08-10,2465.3798828125,2437.75,2465.3798828125,2438.2099609375,3621070000,2438.2099609375,-0.011020582290143705,-1,-1,-0.9901,0.9107
221,223,2017-08-11,2448.090087890625,2437.85009765625,2441.0400390625,2441.320068359375,3159930000,2441.320068359375,0.00011471720758113715,0,0,0.9917,-0.9654
222,224,2017-08-14,2468.219970703125,2454.9599609375,2454.9599609375,2465.840087890625,2822550000,2465.840087890625,0.004431895886794868,0,1,-0.9932,0.9517
223,225,2017-08-15,2468.89990234375,2461.610107421875,2468.659912109375,2464.610107421875,2913100000,2464.610107421875,-0.001640487078691855,0,0,0.8107,0.9942
224,226,2017-08-16,2474.929931640625,2463.860107421875,2468.6298828125,2468.110107421875,2953650000,2468.110107421875,-0.00021055217480913827,0,0,0.7451,0.9984
225,227,2017-08-17,2465.02001953125,2430.010009765625,2462.949951171875,2430.010009765625,3142620000,2430.010009765625,-0.013374182203977444,-1,-1,0.9685,0.9991
226,228,2017-08-18,2440.27001953125,2420.68994140625,2427.639892578125,2425.550048828125,3415680000,2425.550048828125,-0.0008608540980024063,0,0,-0.9886,-0.6108
227,229,2017-08-21,2430.580078125,2417.35009765625,2425.5,2428.3701171875,2788150000,2428.3701171875,0.001183309498041641,0,0,-0.9673,0.6731
228,230,2017-08-22,2454.77001953125,2433.669921875,2433.75,2452.510009765625,2777490000,2452.510009765625,0.007708273144581407,1,1,0.9954,0.9945
229,231,2017-08-23,2448.909912109375,2441.419921875,2444.8798828125,2444.0400390625,2785290000,2444.0400390625,-0.0003435112521903835,0,0,-0.3736,-0.9956
230,232,2017-08-24,2450.389892578125,2436.18994140625,2447.909912109375,2438.969970703125,2846590000,2438.969970703125,-0.0036520712474040398,0,-1,0.954,0.9835
231,233,2017-08-25,2453.9599609375,2442.219970703125,2444.719970703125,2443.050048828125,2588780000,2443.050048828125,-0.000683072865200064,0,0,0.2409,-0.9904
232,234,2017-08-28,2449.1201171875,2439.030029296875,2447.35009765625,2444.239990234375,2677700000,2444.239990234375,-0.0012708060954799445,0,0,-0.9964,-0.0743
233,235,2017-08-29,2449.18994140625,2428.199951171875,2431.93994140625,2446.300048828125,2737580000,2446.300048828125,0.005904795253114426,1,1,-0.9893,0.7946
234,236,2017-08-30,2460.31005859375,2443.77001953125,2446.06005859375,2457.590087890625,2633660000,2457.590087890625,0.004713714717006442,0,1,-0.9331,0.9881
235,237,2017-08-31,2475.010009765625,2462.64990234375,2462.64990234375,2471.64990234375,3348110000,2471.64990234375,0.0036545998647369775,0,1,-0.9786,0.3575
236,238,2017-09-01,2480.3798828125,2473.85009765625,2474.419921875,2476.550048828125,2710730000,2476.550048828125,0.0008608591186539142,0,0,0.961,0.9862
237,239,2017-09-05,2471.969970703125,2446.550048828125,2470.35009765625,2457.85009765625,3490260000,2457.85009765625,-0.00506001153919819,0,-1,-0.9556,0.9968
238,240,2017-09-06,2469.639892578125,2459.199951171875,2463.830078125,2465.5400390625,3374410000,2465.5400390625,0.0006940255144548352,0,0,0.9449,0.998
239,241,2017-09-07,2468.6201171875,2460.2900390625,2468.06005859375,2465.10009765625,3353930000,2465.10009765625,-0.0011993066891518534,0,0,0.9522,0.9971
240,242,2017-09-08,2467.110107421875,2459.39990234375,2462.25,2461.429931640625,3302490000,2461.429931640625,-0.00033305649685247234,0,0,0.9943,0.9821
241,243,2017-09-11,2488.949951171875,2474.52001953125,2474.52001953125,2488.110107421875,3291760000,2488.110107421875,0.00549200967596107,0,1,-0.971,-0.9939
242,244,2017-09-12,2496.77001953125,2490.3701171875,2491.93994140625,2496.47998046875,3230920000,2496.47998046875,0.0018218894392526843,0,0,0.5279,-0.8379
243,245,2017-09-13,2498.3701171875,2492.139892578125,2493.889892578125,2498.3701171875,3368050000,2498.3701171875,0.001796480519331769,0,0,0.9753,0.9995
244,246,2017-09-14,2498.429931640625,2491.35009765625,2494.56005859375,2495.6201171875,3414460000,2495.6201171875,0.0004249481146377303,0,0,-0.9807,0.9962
245,247,2017-09-15,2500.22998046875,2493.159912109375,2495.669921875,2500.22998046875,4853170000,2500.22998046875,0.0018271881845352454,0,0,0.7233,0.9958
246,248,2017-09-18,2508.320068359375,2499.919921875,2502.510009765625,2503.8701171875,3194300000,2503.8701171875,0.0005434972953424398,0,0,0.6662,0.9931
247,249,2017-09-19,2507.840087890625,2503.18994140625,2506.2900390625,2506.64990234375,3249100000,2506.64990234375,0.00014358405277970542,0,0,-0.8209,0.9996
248,250,2017-09-20,2508.85009765625,2496.669921875,2506.840087890625,2508.239990234375,3530010000,2508.239990234375,0.0005584330450563141,0,0,-0.8496,0.9894
249,251,2017-09-21,2507.159912109375,2499.0,2507.159912109375,2500.60009765625,2930860000,2500.60009765625,-0.002616432410809394,0,0,-0.9795,0.9986
250,252,2017-09-22,2503.469970703125,2496.5400390625,2497.260009765625,2502.219970703125,2865960000,2502.219970703125,0.0019861611999166663,0,0,-0.924,0.9829
251,253,2017-09-25,2502.5400390625,2488.030029296875,2499.389892578125,2496.659912109375,3297890000,2496.659912109375,-0.0010922587455669114,0,0,-0.99,0.9831
252,254,2017-09-26,2503.510009765625,2495.1201171875,2501.0400390625,2496.840087890625,3043110000,2496.840087890625,-0.001679281861256938,0,0,-0.9505,0.9956
253,255,2017-09-27,2511.75,2495.909912109375,2503.300048828125,2507.0400390625,3456030000,2507.0400390625,0.0014940239529519482,0,0,0.9965,0.9994
254,256,2017-09-28,2510.81005859375,2502.929931640625,2503.409912109375,2510.06005859375,3168620000,2510.06005859375,0.002656435309378312,0,0,-0.9242,0.9989
255,257,2017-09-29,2519.43994140625,2507.989990234375,2509.9599609375,2519.360107421875,3211920000,2519.360107421875,0.003745138022386593,0,1,0.994,0.9971
256,258,2017-10-02,2529.22998046875,2520.39990234375,2521.199951171875,2529.1201171875,3199730000,2529.1201171875,0.0031414271652447237,0,1,0.865,-0.9946
257,259,2017-10-03,2535.1298828125,2528.85009765625,2530.340087890625,2534.580078125,3068850000,2534.580078125,0.0016756602223812515,0,0,-0.9868,0.9957
258,260,2017-10-04,2540.530029296875,2531.800048828125,2533.47998046875,2537.739990234375,3017120000,2537.739990234375,0.0016814854660255904,0,0,0.8357,0.9951
259,261,2017-10-05,2552.510009765625,2540.02001953125,2540.860107421875,2552.070068359375,3045120000,2552.070068359375,0.004411876476298559,0,1,0.3312,0.4657
260,262,2017-10-06,2549.409912109375,2543.7900390625,2547.43994140625,2549.330078125,2884570000,2549.330078125,0.0007419749875267317,0,0,0.9882,-0.9862
261,263,2017-10-09,2551.820068359375,2541.60009765625,2551.389892578125,2544.72998046875,2483970000,2544.72998046875,-0.0026103074754463733,0,0,-0.7586,0.9441
262,264,2017-10-10,2555.22998046875,2544.860107421875,2549.989990234375,2550.639892578125,2960500000,2550.639892578125,0.0002548646646610037,0,0,0.7678,0.9974
263,265,2017-10-11,2555.239990234375,2547.949951171875,2550.6201171875,2555.239990234375,2976090000,2555.239990234375,0.001811274448807065,0,0,0.6007,0.584
264,266,2017-10-12,2555.330078125,2548.31005859375,2552.8798828125,2550.929931640625,3151510000,2550.929931640625,-0.0007638240972492388,0,0,0.958,0.9997
265,267,2017-10-13,2557.64990234375,2552.090087890625,2555.659912109375,2553.169921875,3149440000,2553.169921875,-0.0009743042188738748,0,0,0.9501,0.9947
266,268,2017-10-16,2559.469970703125,2552.639892578125,2555.570068359375,2557.639892578125,2916020000,2557.639892578125,0.0008099266165215286,0,0,-0.9636,-0.9957
267,269,2017-10-17,2559.7099609375,2554.68994140625,2557.169921875,2559.360107421875,2889390000,2559.360107421875,0.0008564880761889633,0,0,0.9776,0.9996
268,270,2017-10-18,2564.110107421875,2559.669921875,2562.8701171875,2561.260009765625,2998090000,2561.260009765625,-0.0006282438626433149,0,0,-0.9521,0.9989
269,271,2017-10-19,2562.360107421875,2547.919921875,2553.389892578125,2562.10009765625,2990710000,2562.10009765625,0.00341123190917405,0,1,0.9971,0.9968
270,272,2017-10-20,2575.43994140625,2567.56005859375,2567.56005859375,2575.2099609375,3384650000,2575.2099609375,0.0029794443631982045,0,0,0.7236,0.9777
271,273,2017-10-23,2578.2900390625,2564.330078125,2578.080078125,2564.97998046875,3211710000,2564.97998046875,-0.005081338538474534,0,-1,0.8504,0.9958
272,274,2017-10-24,2572.179931640625,2565.580078125,2568.659912109375,2569.1298828125,3427330000,2569.1298828125,0.00018296338137619068,0,0,0.9975,0.9991
273,275,2017-10-25,2567.39990234375,2544.0,2566.52001953125,2557.14990234375,3874510000,2557.14990234375,-0.0036509036033980993,0,-1,0.9642,0.9997
274,276,2017-10-26,2567.070068359375,2559.800048828125,2560.080078125,2560.39990234375,3869050000,2560.39990234375,0.00012492742765462202,0,0,0.9975,0.9997
275,277,2017-10-27,2582.97998046875,2565.93994140625,2570.260009765625,2581.070068359375,3887110000,2581.070068359375,0.0042058229722586465,0,1,0.9828,0.9985
276,278,2017-10-30,2580.030029296875,2568.25,2577.75,2572.830078125,3658870000,2572.830078125,-0.0019086109494714386,0,0,0.9856,0.9988
277,279,2017-10-31,2578.2900390625,2572.14990234375,2575.989990234375,2575.260009765625,3827230000,2575.260009765625,-0.0002833786123072564,0,0,-0.8119,0.9611
278,280,2017-11-01,2588.39990234375,2574.919921875,2583.2099609375,2579.360107421875,3813180000,2579.360107421875,-0.0014903370511268116,0,0,-0.9382,0.8039
279,281,2017-11-02,2581.110107421875,2566.169921875,2579.4599609375,2579.85009765625,4048270000,2579.85009765625,0.0001512474411923826,0,0,0.8992,0.9853
280,282,2017-11-03,2588.419921875,2576.77001953125,2581.929931640625,2587.840087890625,3567710000,2587.840087890625,0.002289045948758391,0,0,0.9867,0.9587
281,283,2017-11-06,2593.3798828125,2585.659912109375,2587.469970703125,2591.1298828125,3539080000,2591.1298828125,0.001414475201959715,0,0,-0.6087,0.9314
282,284,2017-11-07,2597.02001953125,2584.35009765625,2592.110107421875,2590.639892578125,3809650000,2590.639892578125,-0.0005671884228761727,0,0,0.969,0.9972
283,285,2017-11-08,2595.469970703125,2585.02001953125,2588.7099609375,2594.3798828125,3899360000,2594.3798828125,0.002190249954825623,0,0,0.5908,0.9987
284,286,2017-11-09,2586.5,2566.330078125,2584.0,2584.6201171875,3831610000,2584.6201171875,0.00023998343169504645,0,0,0.4685,0.9976
285,287,2017-11-10,2583.81005859375,2575.570068359375,2580.179931640625,2582.300048828125,3486910000,2582.300048828125,0.0008216935421832808,0,0,0.9435,0.9991
286,288,2017-11-13,2587.659912109375,2574.47998046875,2576.530029296875,2584.840087890625,3402930000,2584.840087890625,0.003225290797801329,0,1,-0.4349,-0.9982
287,289,2017-11-14,2579.659912109375,2566.56005859375,2577.75,2578.8701171875,3641760000,2578.8701171875,0.0004345329017554069,0,0,0.9108,0.9982
288,290,2017-11-15,2572.840087890625,2557.449951171875,2569.449951171875,2564.6201171875,3558890000,2564.6201171875,-0.0018797151437692761,0,0,0.8174,0.9997
289,291,2017-11-16,2590.090087890625,2572.949951171875,2572.949951171875,2585.639892578125,3312710000,2585.639892578125,0.004932059172184924,0,1,0.9755,0.9995
290,292,2017-11-17,2583.9599609375,2577.6201171875,2582.93994140625,2578.85009765625,3300160000,2578.85009765625,-0.001583406444895244,0,0,0.7795,0.998
291,293,2017-11-20,2584.639892578125,2578.239990234375,2579.489990234375,2582.139892578125,3003540000,2582.139892578125,0.0010272970059128732,0,0,-0.6963,0.988
292,294,2017-11-21,2601.18994140625,2589.169921875,2589.169921875,2599.030029296875,3332720000,2599.030029296875,0.00380821178964361,0,1,-0.838,-0.2618
293,295,2017-11-22,2600.93994140625,2595.22998046875,2600.31005859375,2597.080078125,2762950000,2597.080078125,-0.0012421520495508815,0,0,-0.6013,0.9944
294,296,2017-11-24,2604.2099609375,2600.419921875,2600.419921875,2602.419921875,1349780000,2602.419921875,0.0007691065520517644,0,0,0.9084,0.8965
295,297,2017-11-27,2606.409912109375,2598.8701171875,2602.659912109375,2601.419921875,3006860000,2601.419921875,-0.00047643191052573075,0,0,0.9663,0.9979
296,298,2017-11-28,2627.68994140625,2605.43994140625,2605.93994140625,2627.0400390625,3488420000,2627.0400390625,0.008096924000813197,1,1,0.3626,0.9967
297,299,2017-11-29,2634.889892578125,2620.320068359375,2627.820068359375,2626.070068359375,4078280000,2626.070068359375,-0.0006659512274341433,0,0,0.7175,0.9987
298,300,2017-11-30,2657.739990234375,2633.929931640625,2633.929931640625,2647.580078125,4938490000,2647.580078125,0.005182425819457005,0,1,0.9873,0.9992
299,301,2017-12-01,2650.6201171875,2605.52001953125,2645.10009765625,2642.219970703125,3942320000,2642.219970703125,-0.0010888536716160576,0,0,-0.9789,0.9344
300,302,2017-12-04,2665.18994140625,2639.030029296875,2657.18994140625,2639.43994140625,4023150000,2639.43994140625,-0.0066799891582482295,-1,-1,-0.9892,0.9612
301,303,2017-12-05,2648.719970703125,2627.72998046875,2639.780029296875,2629.570068359375,3539040000,2629.570068359375,-0.0038677317140775173,0,-1,0.996,0.9994
302,304,2017-12-06,2634.409912109375,2624.75,2626.239990234375,2629.27001953125,3229000000,2629.27001953125,0.0011537518688855962,0,0,0.9565,0.9989
303,305,2017-12-07,2640.989990234375,2626.530029296875,2628.3798828125,2636.97998046875,3292400000,2636.97998046875,0.0032720147161708828,0,1,-0.8482,0.9981
304,306,2017-12-08,2651.64990234375,2644.10009765625,2646.2099609375,2651.5,3106150000,2651.5,0.001999100275711245,0,0,0.9975,0.9979
305,307,2017-12-11,2660.330078125,2651.469970703125,2652.18994140625,2659.989990234375,3091950000,2659.989990234375,0.002940984243379357,0,0,-0.2347,0.9983
306,308,2017-12-12,2669.719970703125,2659.780029296875,2661.72998046875,2664.110107421875,3555680000,2664.110107421875,0.0008942030072884563,0,0,-0.3174,0.5484
307,309,2017-12-13,2671.8798828125,2662.85009765625,2667.590087890625,2662.85009765625,3542370000,2662.85009765625,-0.0017768810342683153,0,0,0.8738,0.999
308,310,2017-12-14,2668.090087890625,2652.010009765625,2665.8701171875,2652.010009765625,3430030000,2652.010009765625,-0.005199093283845896,0,-1,0.7647,0.9979
309,311,2017-12-15,2679.6298828125,2659.139892578125,2660.6298828125,2675.81005859375,5723920000,2675.81005859375,0.005705481953470105,0,1,-0.9634,0.9956
310,312,2017-12-18,2694.969970703125,2685.919921875,2685.919921875,2690.159912109375,3724660000,2690.159912109375,0.0015785989000800615,0,0,0.6025,0.9972
311,313,2017-12-19,2694.43994140625,2680.739990234375,2692.7099609375,2681.469970703125,3368590000,2681.469970703125,-0.00417422982698874,0,-1,-0.966,0.9991
312,314,2017-12-20,2691.010009765625,2676.110107421875,2688.179931640625,2679.25,3241030000,2679.25,-0.003321924821890537,0,-1,0.9917,0.959
313,315,2017-12-21,2692.639892578125,2682.39990234375,2683.02001953125,2684.570068359375,3273390000,2684.570068359375,0.0005777254052676836,0,0,-0.7621,0.9982
314,316,2017-12-22,2685.35009765625,2678.1298828125,2684.219970703125,2683.340087890625,2399830000,2683.340087890625,-0.0003277983258091612,0,0,0.9797,0.9931
315,317,2017-12-26,2682.739990234375,2677.9599609375,2679.090087890625,2680.5,1968780000,2680.5,0.0005262652852726916,0,0,0.9271,-0.9132
316,318,2017-12-27,2685.639892578125,2678.909912109375,2682.10009765625,2682.6201171875,2202080000,2682.6201171875,0.00019388520648592442,0,0,-0.9762,0.9953
317,319,2017-12-28,2687.659912109375,2682.68994140625,2686.10009765625,2687.5400390625,2153330000,2687.5400390625,0.0005360713874759982,0,0,-0.2975,-0.626
318,320,2017-12-29,2692.1201171875,2673.610107421875,2689.14990234375,2673.610107421875,2443490000,2673.610107421875,-0.005778701629214187,-1,-1,-0.894,-0.998
319,321,2018-01-02,2695.889892578125,2682.360107421875,2683.72998046875,2695.81005859375,3367250000,2695.81005859375,0.004501227102918174,0,1,0.9012,0.9853
320,322,2018-01-03,2714.3701171875,2697.77001953125,2697.85009765625,2713.06005859375,3538660000,2713.06005859375,0.005637808027478477,0,1,0.9813,0.9968
321,323,2018-01-04,2729.2900390625,2719.070068359375,2719.31005859375,2723.989990234375,3695260000,2723.989990234375,0.0017209996432128655,0,0,0.9153,0.9933
322,324,2018-01-05,2743.449951171875,2727.919921875,2731.330078125,2743.14990234375,3236620000,2743.14990234375,0.004327497549056414,0,1,-0.9916,-0.9937
323,325,2018-01-08,2748.510009765625,2737.60009765625,2742.669921875,2747.7099609375,3242650000,2747.7099609375,0.0018376396745017078,0,0,0.9447,0.9996
324,326,2018-01-09,2759.139892578125,2747.860107421875,2751.14990234375,2751.2900390625,3453480000,2751.2900390625,5.0937507487547384e-05,0,0,0.1725,0.9987
325,327,2018-01-10,2750.800048828125,2736.06005859375,2745.550048828125,2748.22998046875,3576350000,2748.22998046875,0.0009761000866725659,0,0,0.9606,0.9109
326,328,2018-01-11,2767.56005859375,2752.780029296875,2752.969970703125,2767.56005859375,3641320000,2767.56005859375,0.005299762818298597,0,1,-0.8248,0.9991
327,329,2018-01-12,2787.85009765625,2769.639892578125,2770.179931640625,2786.239990234375,3573970000,2786.239990234375,0.005797478499614468,0,1,0.976,0.999
328,330,2018-01-16,2807.5400390625,2768.639892578125,2798.9599609375,2776.419921875,4325970000,2776.419921875,-0.008053005179448978,-1,-1,-0.9845,0.9988
329,331,2018-01-17,2807.0400390625,2778.3798828125,2784.989990234375,2802.56005859375,3778050000,2802.56005859375,0.006308844348089152,1,1,0.9745,0.9944
330,332,2018-01-18,2805.830078125,2792.56005859375,2802.39990234375,2798.030029296875,3681470000,2798.030029296875,-0.0015593324290442327,0,0,0.9937,0.9995
331,333,2018-01-19,2810.330078125,2798.080078125,2802.60009765625,2810.300048828125,3639430000,2810.300048828125,0.002747431279373141,0,0,0.9691,0.9938
332,334,2018-01-22,2833.030029296875,2808.1201171875,2809.159912109375,2832.969970703125,3471780000,2832.969970703125,0.008475864435880841,1,1,-0.9165,0.9991
333,335,2018-01-23,2842.239990234375,2830.590087890625,2835.050048828125,2839.1298828125,3519650000,2839.1298828125,0.0014390694746505125,0,0,-0.8862,0.9839
334,336,2018-01-24,2852.969970703125,2824.81005859375,2845.419921875,2837.5400390625,4014070000,2837.5400390625,-0.002769321586568327,0,-1,-0.7545,0.9606
335,337,2018-01-25,2848.56005859375,2830.93994140625,2846.239990234375,2839.25,3835150000,2839.25,-0.0024558681834132355,0,0,0.989,0.9994
336,338,2018-01-26,2872.8701171875,2846.179931640625,2847.47998046875,2872.8701171875,3443230000,2872.8701171875,0.008916704206141705,1,1,-0.9312,0.9166
337,339,2018-01-29,2870.6201171875,2851.47998046875,2867.22998046875,2853.530029296875,3573830000,2853.530029296875,-0.004778113812005851,0,-1,-0.9813,0.9909
338,340,2018-01-30,2837.75,2818.27001953125,2832.739990234375,2822.429931640625,3990650000,2822.429931640625,-0.003639606398502168,0,-1,-0.9209,0.9972
339,341,2018-01-31,2839.260009765625,2813.0400390625,2832.409912109375,2823.81005859375,4261280000,2823.81005859375,-0.0030362319658811137,0,-1,0.9663,0.8192
340,342,2018-02-01,2835.9599609375,2812.699951171875,2816.449951171875,2821.97998046875,3938450000,2821.97998046875,0.001963475081307251,0,0,0.9338,0.9988
341,343,2018-02-02,2808.919921875,2759.969970703125,2808.919921875,2762.1298828125,4301130000,2762.1298828125,-0.016657662149110637,-1,-1,-0.7554,0.8277
342,344,2018-02-05,2763.389892578125,2638.169921875,2741.06005859375,2648.93994140625,5283460000,2648.93994140625,-0.03360747857336644,-1,-1,0.9938,0.9991
343,345,2018-02-06,2701.0400390625,2593.070068359375,2614.780029296875,2695.139892578125,5891660000,2695.139892578125,0.030732934465182944,1,1,0.8224,0.995
344,346,2018-02-07,2727.669921875,2681.330078125,2690.949951171875,2681.659912109375,4626570000,2681.659912109375,-0.003452326959278564,0,-1,-0.969,0.9993
345,347,2018-02-08,2685.27001953125,2580.56005859375,2685.010009765625,2581.0,5305440000,2581.0,-0.038737289390851866,-1,-1,0.9225,0.9994
346,348,2018-02-09,2638.669921875,2532.68994140625,2601.780029296875,2619.550048828125,5680070000,2619.550048828125,0.006829946932928187,1,1,-0.9921,-0.89
347,349,2018-02-12,2672.610107421875,2622.449951171875,2636.75,2656.0,4055790000,2656.0,0.007300654214468569,1,1,0.7925,0.998
348,350,2018-02-13,2668.840087890625,2637.080078125,2646.27001953125,2662.93994140625,3472870000,2662.93994140625,0.006299403217345464,1,1,-0.9597,-0.9218
349,351,2018-02-14,2702.10009765625,2648.8701171875,2651.2099609375,2698.6298828125,4003740000,2698.6298828125,0.017886143524533132,1,1,0.946,0.9995
350,352,2018-02-15,2731.510009765625,2689.820068359375,2713.4599609375,2731.199951171875,3684910000,2731.199951171875,0.006537774829832328,1,1,0.9873,0.9988
351,353,2018-02-16,2754.419921875,2725.110107421875,2727.139892578125,2732.219970703125,3637460000,2732.219970703125,0.0018627860414588066,0,0,0.9944,0.7487
352,354,2018-02-20,2737.60009765625,2706.760009765625,2722.989990234375,2716.260009765625,3627610000,2716.260009765625,-0.002471540656736213,0,0,-0.6244,0.9991
353,355,2018-02-21,2747.75,2701.2900390625,2720.530029296875,2701.330078125,3779400000,2701.330078125,-0.0070574303408212176,-1,-1,-0.9311,0.9726
354,356,2018-02-22,2731.260009765625,2697.77001953125,2710.419921875,2703.9599609375,3701270000,2703.9599609375,-0.002383380112197213,0,0,-0.9685,0.9978
355,357,2018-02-23,2747.760009765625,2713.739990234375,2715.800048828125,2747.300048828125,3189190000,2747.300048828125,0.011598792044205292,1,1,-0.9474,0.9914
356,358,2018-02-26,2780.639892578125,2753.780029296875,2757.3701171875,2779.60009765625,3424650000,2779.60009765625,0.008062022696983617,1,1,0.9945,0.992
357,359,2018-02-27,2789.14990234375,2744.219970703125,2780.449951171875,2744.280029296875,3745080000,2744.280029296875,-0.01300865777488837,-1,-1,0.9733,0.9995
358,360,2018-02-28,2761.52001953125,2713.5400390625,2753.780029296875,2713.830078125,4230660000,2713.830078125,-0.014507313854721888,-1,-1,0.9478,0.999
359,361,2018-03-01,2730.889892578125,2659.64990234375,2715.219970703125,2677.669921875,4503970000,2677.669921875,-0.013829468416292309,-1,-1,0.8021,0.9997
360,362,2018-03-02,2696.25,2647.320068359375,2658.889892578125,2691.25,3882450000,2691.25,0.012170533090596632,1,1,-0.8756,-0.9913
361,363,2018-03-05,2728.090087890625,2675.75,2681.06005859375,2720.93994140625,3710810000,2720.93994140625,0.0148746696981557,1,1,0.9862,0.9986
362,364,2018-03-06,2732.080078125,2711.260009765625,2730.179931640625,2728.1201171875,3370690000,2728.1201171875,-0.0007544610628967639,0,0,-0.9979,0.999
363,365,2018-03-07,2730.60009765625,2701.739990234375,2710.179931640625,2726.800048828125,3393270000,2726.800048828125,0.0061324774025017965,1,1,-0.9006,0.9341
364,366,2018-03-08,2740.449951171875,2722.64990234375,2732.75,2738.969970703125,3212320000,2738.969970703125,0.0022760847875308754,0,0,0.5048,0.9937
365,367,2018-03-09,2786.570068359375,2751.5400390625,2752.909912109375,2786.570068359375,3364100000,2786.570068359375,0.012227118694272279,1,1,0.9898,0.9989
366,368,2018-03-12,2796.97998046875,2779.260009765625,2790.5400390625,2783.02001953125,3185020000,2783.02001953125,-0.0026948258853065586,0,-1,-0.9863,0.9954
367,369,2018-03-13,2801.89990234375,2758.679931640625,2792.31005859375,2765.31005859375,3301650000,2765.31005859375,-0.0096694132934498,-1,-1,-0.8266,0.3325
368,370,2018-03-14,2777.110107421875,2744.3798828125,2774.06005859375,2749.47998046875,3391360000,2749.47998046875,-0.008860687081685008,-1,-1,-0.7907,0.9927
369,371,2018-03-15,2763.030029296875,2741.469970703125,2754.27001953125,2747.330078125,3500330000,2747.330078125,-0.0025197026279330124,0,0,-0.9884,0.9956
370,372,2018-03-16,2761.85009765625,2749.969970703125,2750.570068359375,2752.010009765625,5372340000,2752.010009765625,0.0005235065351775887,0,0,-0.8385,-0.9969
371,373,2018-03-19,2741.3798828125,2694.590087890625,2741.3798828125,2712.919921875,3302130000,2712.919921875,-0.010381618802973669,-1,-1,-0.9903,0.9047
372,374,2018-03-20,2724.219970703125,2710.050048828125,2715.050048828125,2716.93994140625,3261030000,2716.93994140625,0.0006960801989417171,0,0,-0.9957,0.196
373,375,2018-03-21,2739.139892578125,2709.7900390625,2714.989990234375,2711.929931640625,3415510000,2711.929931640625,-0.001127097560122436,0,0,-0.9635,0.9762
374,376,2018-03-22,2695.679931640625,2641.590087890625,2691.360107421875,2643.68994140625,3739800000,2643.68994140625,-0.01771229568431462,-1,-1,0.4848,0.999
375,377,2018-03-23,2657.669921875,2585.889892578125,2646.7099609375,2588.260009765625,3815080000,2588.260009765625,-0.02208400317168536,-1,-1,-0.4453,0.8014
376,378,2018-03-26,2661.360107421875,2601.81005859375,2619.35009765625,2658.550048828125,3511100000,2658.550048828125,0.014965525687822506,1,1,-0.9742,-0.9953
377,379,2018-03-27,2674.780029296875,2596.1201171875,2667.570068359375,2612.6201171875,3706350000,2612.6201171875,-0.020599253164386662,-1,-1,-0.9365,0.7866
378,380,2018-03-28,2632.64990234375,2593.06005859375,2611.300048828125,2605.0,3864500000,2605.0,-0.002412610083223595,0,0,0.83,0.9951
379,381,2018-03-29,2659.070068359375,2609.719970703125,2614.409912109375,2640.8701171875,3565990000,2640.8701171875,0.010120909102879052,1,1,0.9888,0.9973
380,382,2018-04-02,2638.300048828125,2553.800048828125,2633.449951171875,2581.8798828125,3598520000,2581.8798828125,-0.01958270303805338,-1,-1,-0.4137,0.9908
381,383,2018-04-03,2619.139892578125,2575.489990234375,2592.169921875,2614.449951171875,3392810000,2614.449951171875,0.008595126850619089,1,1,-0.5988,0.7579
382,384,2018-04-04,2649.860107421875,2573.610107421875,2584.0400390625,2644.68994140625,3350340000,2644.68994140625,0.023470960754057833,1,1,-0.9955,-0.7303
383,385,2018-04-05,2672.080078125,2649.580078125,2657.360107421875,2662.840087890625,3178970000,2662.840087890625,0.0020621896345341703,0,0,-0.2558,-0.9202
384,386,2018-04-06,2656.8798828125,2586.27001953125,2645.820068359375,2604.469970703125,3299700000,2604.469970703125,-0.015628461719957566,-1,-1,-0.9977,-0.9963
385,387,2018-04-09,2653.550048828125,2610.7900390625,2617.179931640625,2613.159912109375,3062960000,2613.159912109375,-0.0015360119045120372,0,0,-0.9877,-0.9539
386,388,2018-04-10,2665.449951171875,2635.780029296875,2638.409912109375,2656.8701171875,3543930000,2656.8701171875,0.006996716087746313,1,1,0.7417,0.9991
387,389,2018-04-11,2661.429931640625,2639.25,2643.889892578125,2642.18994140625,3020760000,2642.18994140625,-0.0006429735128709667,0,0,-0.9933,0.9955
388,390,2018-04-12,2674.719970703125,2653.830078125,2653.830078125,2663.989990234375,3021320000,2663.989990234375,0.0038283958694722616,0,1,-0.9815,0.9946
389,391,2018-04-13,2680.260009765625,2645.050048828125,2676.89990234375,2656.300048828125,2960910000,2656.300048828125,-0.007695414198188312,-1,-1,-0.4981,0.9992
390,392,2018-04-16,2686.489990234375,2665.159912109375,2670.10009765625,2677.840087890625,3019700000,2677.840087890625,0.002898764072990739,0,0,-0.9902,0.99
391,393,2018-04-17,2713.340087890625,2692.050048828125,2692.739990234375,2706.389892578125,3234360000,2706.389892578125,0.005069149785442864,0,1,0.9828,0.999
392,394,2018-04-18,2717.489990234375,2703.6298828125,2710.110107421875,2708.639892578125,3383410000,2708.639892578125,-0.0005424926609895617,0,0,-0.9584,0.998
393,395,2018-04-19,2702.840087890625,2681.89990234375,2701.159912109375,2693.1298828125,3349370000,2693.1298828125,-0.002972807815218993,0,-1,-0.6348,0.9991
394,396,2018-04-20,2693.93994140625,2660.610107421875,2692.56005859375,2670.139892578125,3388590000,2670.139892578125,-0.008326709721503645,-1,-1,-0.9822,0.9971
395,397,2018-04-23,2682.860107421875,2657.989990234375,2675.39990234375,2670.2900390625,3017480000,2670.2900390625,-0.0019099437346818953,0,0,-0.8063,-0.991
396,398,2018-04-24,2683.550048828125,2617.320068359375,2680.800048828125,2634.56005859375,3706740000,2634.56005859375,-0.01724857855571443,-1,-1,0.9338,0.9994
397,399,2018-04-25,2645.300048828125,2612.669921875,2634.919921875,2639.39990234375,3499440000,2639.39990234375,0.0017002340114996974,0,0,-0.9711,0.9937
398,400,2018-04-26,2676.47998046875,2647.159912109375,2651.64990234375,2666.93994140625,3665720000,2666.93994140625,0.005766235975942897,0,1,0.9454,0.9992
399,401,2018-04-27,2677.35009765625,2659.010009765625,2675.469970703125,2669.909912109375,3219030000,2669.909912109375,-0.0020781614649514426,0,0,-0.5274,0.9931
400,402,2018-04-30,2682.8701171875,2648.0400390625,2682.510009765625,2648.050048828125,3734530000,2648.050048828125,-0.01284616303836675,-1,-1,-0.6557,-0.9407
401,403,2018-05-01,2655.27001953125,2625.409912109375,2642.9599609375,2654.800048828125,3559850000,2654.800048828125,0.004479858970858239,0,1,0.9663,0.9965
402,404,2018-05-02,2660.8701171875,2631.699951171875,2654.239990234375,2635.669921875,4010770000,2635.669921875,-0.006996378785527688,-1,-1,0.9298,0.9773
403,405,2018-05-03,2637.139892578125,2594.6201171875,2628.080078125,2629.72998046875,3851470000,2629.72998046875,0.0006277975916651371,0,0,0.9931,0.9901
404,406,2018-05-04,2670.929931640625,2615.320068359375,2621.449951171875,2663.419921875,3327220000,2663.419921875,0.016010212472056938,1,1,-0.917,-0.8721
405,407,2018-05-07,2683.35009765625,2664.699951171875,2680.340087890625,2672.6298828125,3237960000,2672.6298828125,-0.0028765771600994037,0,-1,-0.9708,0.9968
406,408,2018-05-08,2676.340087890625,2655.199951171875,2670.260009765625,2671.919921875,3717570000,2671.919921875,0.0006216293931319049,0,0,0.9878,0.9859
407,409,2018-05-09,2701.27001953125,2674.139892578125,2678.1201171875,2697.7900390625,3909500000,2697.7900390625,0.007344675001230676,1,1,-0.992,0.9657
408,410,2018-05-10,2726.110107421875,2704.5400390625,2705.02001953125,2723.070068359375,3333050000,2723.070068359375,0.006672796762240921,1,1,-0.9298,0.9972
409,411,2018-05-11,2732.860107421875,2717.449951171875,2722.699951171875,2727.719970703125,2862700000,2727.719970703125,0.001843765240855621,0,0,-0.9724,0.978
410,412,2018-05-14,2742.10009765625,2725.469970703125,2738.469970703125,2730.1298828125,2972660000,2730.1298828125,-0.003045528335110285,0,-1,-0.355,0.9978
411,413,2018-05-15,2718.590087890625,2701.909912109375,2718.590087890625,2711.449951171875,3290680000,2711.449951171875,-0.0026264116648384048,0,0,-0.9795,0.9988
412,414,2018-05-16,2727.760009765625,2712.169921875,2712.6201171875,2722.4599609375,3202670000,2722.4599609375,0.0036274315329498296,0,1,0.7135,0.9991
413,415,2018-05-17,2731.9599609375,2711.360107421875,2719.7099609375,2720.1298828125,3475400000,2720.1298828125,0.00015439950620883502,0,0,0.9902,0.9603
414,416,2018-05-18,2719.5,2709.179931640625,2717.35009765625,2712.969970703125,3368690000,2712.969970703125,-0.0016119111618716029,0,0,-0.9874,-0.9796
415,417,2018-05-21,2739.18994140625,2725.699951171875,2735.389892578125,2733.010009765625,3019890000,2733.010009765625,-0.0008700342203344705,0,0,0.778,0.9927
416,418,2018-05-22,2742.239990234375,2721.8798828125,2738.340087890625,2724.43994140625,3366310000,2724.43994140625,-0.005076121313727121,0,-1,-0.9966,0.9641
417,419,2018-05-23,2733.330078125,2709.5400390625,2713.97998046875,2733.2900390625,3326290000,2733.2900390625,0.007115033542146773,1,1,0.9251,0.9987
418,420,2018-05-24,2731.969970703125,2707.3798828125,2730.93994140625,2727.760009765625,3256030000,2727.760009765625,-0.0011644092176511028,0,0,0.998,0.9935
419,421,2018-05-25,2727.360107421875,2714.989990234375,2723.60009765625,2721.330078125,2995260000,2721.330078125,-0.0008334628616012419,0,0,0.786,-0.9977
420,422,2018-05-29,2710.669921875,2676.81005859375,2705.110107421875,2689.860107421875,3736890000,2689.860107421875,-0.005637478473855589,-1,-1,-0.9706,-0.9926
421,423,2018-05-30,2729.340087890625,2702.429931640625,2702.429931640625,2724.010009765625,3561050000,2724.010009765625,0.007985434838600569,1,1,-0.9785,-0.9979
422,424,2018-05-31,2722.5,2700.679931640625,2720.97998046875,2705.27001953125,4235370000,2705.27001953125,-0.005773640765557417,-1,-1,-0.5969,0.9991
423,425,2018-06-01,2736.929931640625,2718.699951171875,2718.699951171875,2734.6201171875,3684130000,2734.6201171875,0.0058558010451880615,0,1,-0.7105,0.9979
424,426,2018-06-04,2749.159912109375,2740.5400390625,2741.669921875,2746.8701171875,3376510000,2746.8701171875,0.0018967255215549944,0,0,-0.7961,-0.9943
425,427,2018-06-05,2752.610107421875,2739.510009765625,2748.4599609375,2748.800048828125,3517790000,2748.800048828125,0.00012373761868773812,0,0,-0.7299,0.9915
426,428,2018-06-06,2772.389892578125,2748.4599609375,2753.25,2772.35009765625,3651640000,2772.35009765625,0.006937291439662217,1,1,-0.9753,0.9948
427,429,2018-06-07,2779.89990234375,2760.159912109375,2774.840087890625,2770.3701171875,3711330000,2770.3701171875,-0.001610893082679578,0,0,0.9894,0.9987
428,430,2018-06-08,2779.389892578125,2763.590087890625,2765.840087890625,2779.030029296875,3123210000,2779.030029296875,0.004768873465967204,0,1,-0.9891,0.999
429,431,2018-06-11,2790.2099609375,2780.169921875,2780.179931640625,2782.0,3232330000,2782.0,0.0006546584768349691,0,0,0.8916,-0.9759
430,432,2018-06-12,2789.800048828125,2778.780029296875,2785.60009765625,2786.85009765625,3401010000,2786.85009765625,0.00044873634268311727,0,0,0.9817,0.9805
431,433,2018-06-13,2791.469970703125,2774.64990234375,2787.93994140625,2775.6298828125,3779230000,2775.6298828125,-0.004415467640074323,0,-1,0.9906,0.9994
432,434,2018-06-14,2789.06005859375,2776.52001953125,2783.2099609375,2782.489990234375,3526890000,2782.489990234375,-0.00025868357516314867,0,0,0.644,0.9995
433,435,2018-06-15,2782.81005859375,2761.72998046875,2777.780029296875,2779.659912109375,5428790000,2779.659912109375,0.0006767572639565147,0,0,-0.9216,0.9987
434,436,2018-06-18,2774.989990234375,2757.1201171875,2765.7900390625,2773.75,3287150000,2773.75,0.002878006220673978,0,0,-0.6593,0.9922
435,437,2018-06-19,2765.050048828125,2743.18994140625,2752.010009765625,2762.590087890625,3661470000,2762.590087890625,0.0038444911491804686,0,1,-0.9844,0.9942
436,438,2018-06-20,2774.860107421875,2763.909912109375,2769.72998046875,2767.320068359375,3327600000,2767.320068359375,-0.0008700891878879636,0,0,-0.9173,0.9994
437,439,2018-06-21,2769.280029296875,2744.389892578125,2769.280029296875,2749.760009765625,3300060000,2749.760009765625,-0.0070487705557917765,-1,-1,0.9812,0.9993
438,440,2018-06-22,2764.169921875,2752.679931640625,2760.7900390625,2754.8798828125,5450550000,2754.8798828125,-0.002140748179462047,0,0,0.9189,0.3173
439,441,2018-06-25,2742.93994140625,2698.669921875,2742.93994140625,2717.070068359375,3655080000,2717.070068359375,-0.009431439841738585,-1,-1,-0.9976,0.5145
440,442,2018-06-26,2732.909912109375,2715.60009765625,2722.1201171875,2723.06005859375,3555090000,2723.06005859375,0.00034529754962508763,0,0,0.4367,0.9667
441,443,2018-06-27,2746.090087890625,2699.3798828125,2728.449951171875,2699.6298828125,3776090000,2699.6298828125,-0.010562798979324037,-1,-1,-0.8732,0.9988
442,444,2018-06-28,2724.340087890625,2691.989990234375,2698.68994140625,2716.31005859375,3428140000,2716.31005859375,0.006529137311090433,1,1,0.9882,0.9989
443,445,2018-06-29,2743.260009765625,2718.030029296875,2727.1298828125,2718.3701171875,3565620000,2718.3701171875,-0.0032120822994928353,0,-1,0.8671,0.9984
444,446,2018-07-02,2727.260009765625,2698.949951171875,2704.949951171875,2726.7099609375,3073650000,2726.7099609375,0.00804451474460658,1,1,0.5136,0.9146
445,447,2018-07-03,2736.580078125,2711.159912109375,2733.27001953125,2713.219970703125,1911470000,2713.219970703125,-0.007335553635335136,-1,-1,0.996,0.8179
446,448,2018-07-05,2737.830078125,2716.02001953125,2724.18994140625,2736.610107421875,2953420000,2736.610107421875,0.004559214402360507,0,1,-0.9488,0.9957
447,449,2018-07-06,2764.409912109375,2733.52001953125,2737.679931640625,2759.820068359375,2554780000,2759.820068359375,0.008087189617334834,1,1,-0.9879,0.9872
448,450,2018-07-09,2784.64990234375,2770.72998046875,2775.6201171875,2784.169921875,3050040000,2784.169921875,0.003080322351951897,0,1,-0.9848,-0.9347
449,451,2018-07-10,2795.580078125,2786.239990234375,2788.56005859375,2793.840087890625,3063850000,2793.840087890625,0.001893460849302159,0,0,0.9794,0.9992
450,452,2018-07-11,2785.909912109375,2770.77001953125,2779.820068359375,2774.02001953125,2964740000,2774.02001953125,-0.002086483544076339,0,0,-0.9805,-0.8336
451,453,2018-07-12,2799.219970703125,2781.530029296875,2783.139892578125,2798.2900390625,2821690000,2798.2900390625,0.005443544726147726,0,1,0.9761,0.9451
452,454,2018-07-13,2804.530029296875,2791.68994140625,2796.929931640625,2801.31005859375,2614000000,2801.31005859375,0.0015660481528601265,0,0,0.9372,0.9983
453,455,2018-07-16,2801.18994140625,2793.389892578125,2797.360107421875,2798.429931640625,2812230000,2798.429931640625,0.0003824406503515845,0,0,0.8937,0.9995
454,456,2018-07-17,2814.18994140625,2789.239990234375,2789.340087890625,2809.550048828125,3050730000,2809.550048828125,0.007245427341483958,1,1,0.9692,0.9737
455,457,2018-07-18,2816.760009765625,2805.889892578125,2811.35009765625,2815.6201171875,3089780000,2815.6201171875,0.001518850154881032,0,0,0.9569,0.9987
456,458,2018-07-19,2812.050048828125,2799.77001953125,2809.3701171875,2804.489990234375,3266700000,2804.489990234375,-0.0017370893650746752,0,0,-0.99,0.9987
457,459,2018-07-20,2809.699951171875,2800.010009765625,2804.550048828125,2801.830078125,3230210000,2801.830078125,-0.0009698420979370768,0,0,-0.8685,-0.9975
458,460,2018-07-23,2808.610107421875,2795.139892578125,2799.169921875,2806.97998046875,2907430000,2806.97998046875,0.002790133793849321,0,0,-0.9901,-0.8295
459,461,2018-07-24,2829.989990234375,2811.1201171875,2820.679931640625,2820.39990234375,3417530000,2820.39990234375,-9.927723232040841e-05,0,0,0.8676,0.9987
460,462,2018-07-25,2848.030029296875,2817.72998046875,2817.72998046875,2846.070068359375,3553010000,2846.070068359375,0.010057772777046016,1,1,-0.9421,-0.7114
461,463,2018-07-26,2845.570068359375,2835.260009765625,2835.489990234375,2837.43994140625,3653330000,2837.43994140625,0.0006876946060789379,0,0,0.9778,0.9978
462,464,2018-07-27,2843.169921875,2808.340087890625,2842.35009765625,2818.820068359375,3415710000,2818.820068359375,-0.008278371238039055,-1,-1,-0.99,0.4668
463,465,2018-07-30,2821.739990234375,2798.110107421875,2819.0,2802.60009765625,3245770000,2802.60009765625,-0.005817631196789642,-1,-1,0.5451,0.837
464,466,2018-07-31,2824.4599609375,2808.06005859375,2809.72998046875,2816.2900390625,3892100000,2816.2900390625,0.0023347647778793248,0,0,0.9859,0.9984
465,467,2018-08-01,2825.830078125,2805.85009765625,2821.169921875,2813.360107421875,3496990000,2813.360107421875,-0.00276828928047498,0,-1,0.9965,0.9967
466,468,2018-08-02,2829.909912109375,2796.340087890625,2800.47998046875,2827.219970703125,3467380000,2827.219970703125,0.009548359717215049,1,1,-0.8265,0.956
467,469,2018-08-03,2840.3798828125,2827.3701171875,2829.6201171875,2840.35009765625,3030390000,2840.35009765625,0.0037920215521421523,0,1,-0.9655,0.7933
468,470,2018-08-06,2853.2900390625,2835.97998046875,2840.2900390625,2850.39990234375,2874540000,2850.39990234375,0.0035594475008569842,0,1,-0.903,0.9927
469,471,2018-08-07,2863.429931640625,2855.919921875,2855.919921875,2858.449951171875,3162770000,2858.449951171875,0.0008858894388095998,0,0,-0.946,0.9721
470,472,2018-08-08,2862.43994140625,2853.090087890625,2856.7900390625,2857.699951171875,2972200000,2857.699951171875,0.00031850856973500294,0,0,-0.9488,0.997
471,473,2018-08-09,2862.47998046875,2851.97998046875,2857.18994140625,2853.580078125,3047050000,2853.580078125,-0.0012634313277308054,0,0,-0.9039,0.9988
472,474,2018-08-10,2842.199951171875,2825.81005859375,2838.89990234375,2833.280029296875,3256040000,2833.280029296875,-0.001979595350380379,0,0,0.943,0.9952
473,475,2018-08-13,2843.39990234375,2819.8798828125,2835.4599609375,2821.929931640625,3158450000,2821.929931640625,-0.004771722924418058,0,-1,-0.9879,-0.9243
474,476,2018-08-14,2843.110107421875,2826.580078125,2827.8798828125,2839.9599609375,2976970000,2839.9599609375,0.004271779080300122,0,1,-0.8054,-0.9983
475,477,2018-08-15,2827.949951171875,2802.489990234375,2827.949951171875,2818.3701171875,3645070000,2818.3701171875,-0.0033875542883653968,0,-1,-0.9572,-0.9944
476,478,2018-08-16,2850.489990234375,2831.43994140625,2831.43994140625,2840.68994140625,3219880000,2840.68994140625,0.0032668890004447482,0,1,0.9914,0.9734
477,479,2018-08-17,2855.6298828125,2833.72998046875,2838.320068359375,2850.1298828125,3024100000,2850.1298828125,0.004160846616552089,0,1,0.8079,-0.9486
478,480,2018-08-20,2859.760009765625,2850.6201171875,2853.929931640625,2857.050048828125,2748020000,2857.050048828125,0.0010932704243745582,0,0,-0.9904,0.9986
479,481,2018-08-21,2873.22998046875,2861.320068359375,2861.510009765625,2862.9599609375,3147140000,2862.9599609375,0.0005067084046278628,0,0,0.8106,0.9977
480,482,2018-08-22,2867.5400390625,2856.050048828125,2860.989990234375,2861.820068359375,2689560000,2861.820068359375,0.0002901366757078375,0,0,0.8979,0.9959
481,483,2018-08-23,2868.780029296875,2854.030029296875,2860.2900390625,2856.97998046875,2713910000,2856.97998046875,-0.001157245785757768,0,0,-0.9941,0.9991
482,484,2018-08-24,2876.159912109375,2862.35009765625,2862.35009765625,2874.68994140625,2596190000,2874.68994140625,0.0043110882068912925,0,1,0.9827,0.9956
483,485,2018-08-27,2898.25,2884.68994140625,2884.68994140625,2896.739990234375,2854080000,2896.739990234375,0.0041772422939328965,0,1,-0.9384,0.9352
484,486,2018-08-28,2903.77001953125,2893.5,2901.449951171875,2897.52001953125,2683190000,2897.52001953125,-0.0013544716285861587,0,0,-0.7383,0.9984
485,487,2018-08-29,2916.5,2898.39990234375,2900.6201171875,2914.0400390625,2791860000,2914.0400390625,0.004626569951535821,0,1,-0.9865,0.9989
486,488,2018-08-30,2912.4599609375,2895.219970703125,2908.93994140625,2901.1298828125,2802180000,2901.1298828125,-0.002684846972115359,0,-1,-0.9751,0.9992
487,489,2018-08-31,2906.320068359375,2891.72998046875,2898.3701171875,2901.52001953125,2880260000,2901.52001953125,0.00108678402563941,0,0,-0.9849,-0.7417
488,490,2018-09-04,2900.179931640625,2885.1298828125,2896.9599609375,2896.719970703125,3077060000,2896.719970703125,-8.284209571793169e-05,0,0,-0.982,0.9857
489,491,2018-09-05,2894.2099609375,2876.919921875,2891.590087890625,2888.60009765625,3241250000,2888.60009765625,-0.0010340297702971298,0,0,-0.9738,-0.9652
490,492,2018-09-06,2892.050048828125,2867.2900390625,2888.639892578125,2878.050048828125,3139590000,2878.050048828125,-0.003666031123231672,0,-1,0.9815,0.9974
491,493,2018-09-07,2883.81005859375,2864.1201171875,2868.260009765625,2871.679931640625,2946270000,2871.679931640625,0.0011923332833690533,0,0,-0.9957,0.994
492,494,2018-09-10,2886.929931640625,2875.93994140625,2881.389892578125,2877.1298828125,2731400000,2877.1298828125,-0.0014784565520264785,0,0,-0.9717,-0.8739
493,495,2018-09-11,2892.52001953125,2866.780029296875,2871.570068359375,2887.889892578125,2899660000,2887.889892578125,0.005683240816085699,0,1,-0.9122,-0.9945
494,496,2018-09-12,2894.64990234375,2879.199951171875,2888.2900390625,2888.919921875,3264930000,2888.919921875,0.00021808156521027627,0,0,-0.965,0.9993
495,497,2018-09-13,2906.760009765625,2896.389892578125,2896.85009765625,2904.179931640625,3254930000,2904.179931640625,0.002530277279554554,0,0,-0.9939,-0.9985
496,498,2018-09-14,2908.300048828125,2895.77001953125,2906.3798828125,2904.97998046875,3149800000,2904.97998046875,-0.00048166530192031063,0,0,0.8172,0.9991
497,499,2018-09-17,2904.64990234375,2886.159912109375,2903.830078125,2888.800048828125,2947760000,2888.800048828125,-0.005175932782740467,0,-1,0.1571,0.9976
498,500,2018-09-18,2911.169921875,2890.429931640625,2890.739990234375,2904.31005859375,3074610000,2904.31005859375,0.004694323393047456,0,1,0.9922,0.9974
499,501,2018-09-19,2912.360107421875,2903.820068359375,2906.60009765625,2907.949951171875,3280020000,2907.949951171875,0.000464409781281388,0,0,-0.9819,0.9747
500,502,2018-09-20,2934.800048828125,2919.72998046875,2919.72998046875,2930.75,3337730000,2930.75,0.0037743283128807634,0,1,-0.9925,-0.9969
501,503,2018-09-21,2940.909912109375,2927.110107421875,2936.760009765625,2929.669921875,5607610000,2929.669921875,-0.0024142551202850386,0,0,-0.8723,0.9971
502,504,2018-09-24,2923.7900390625,2912.6298828125,2921.830078125,2919.3701171875,3372210000,2919.3701171875,-0.0008419247087354952,0,0,-0.598,0.9983
503,505,2018-09-25,2923.949951171875,2913.699951171875,2921.75,2915.56005859375,3285480000,2915.56005859375,-0.00211857325447078,0,0,-0.9433,0.9946
504,506,2018-09-26,2931.14990234375,2903.280029296875,2916.97998046875,2905.969970703125,3388620000,2905.969970703125,-0.0037744550320347845,0,-1,0.9804,0.9972
505,507,2018-09-27,2927.219970703125,2909.27001953125,2911.64990234375,2914.0,3060850000,2914.0,0.000807136068920331,0,0,0.993,0.9992
506,508,2018-09-28,2920.530029296875,2907.5,2910.030029296875,2913.97998046875,3432300000,2913.97998046875,0.0013573575296848025,0,0,0.823,0.9965
507,509,2018-10-01,2937.06005859375,2917.909912109375,2926.2900390625,2924.590087890625,3364190000,2924.590087890625,-0.0005809236778250512,0,0,0.9926,0.9986
